{
    "chweight": {
        "min": 0.051943,
        "max": 10.66516
    },
    "region": {
        "min": 1.0,
        "max": 10.0
    },
    "location": {
        "min": 1.0,
        "max": 2.0
    },
    "sex": {
        "min": 1.2857142857142858,
        "max": 1.7446808510638299
    },
    "age": {
        "min": 5.0,
        "max": 10.710526315789474
    },
    "wealth": {
        "min": 1.0,
        "max": 5.0
    },
    "wealthscore": {
        "min": -104679.3492063492,
        "max": 308047.9
    },
    "hhweight": {
        "min": 0.052895,
        "max": 10.860753
    },
    "sumpoor_mod": {
        "min": 0.02631578947368421,
        "max": 3.084507042253521
    },
    "sumpoor_sev": {
        "min": 0.0,
        "max": 2.6323529411764706
    },
    "nutrition_haz": {
        "min": -234.0,
        "max": 162.85714285714286
    },
    "hv005": {
        "min": 52895.0,
        "max": 4965131.0
    },
    "hv271": {
        "min": -104687.66666666667,
        "max": 99821.0
    },
    "hv104": {
        "min": 1.0,
        "max": 2.0
    },
    "hv001": {
        "min": 1.0,
        "max": 721.0
    },
    "v005": {
        "min": 51943.0,
        "max": 4941726.0
    },
    "hv204": {
        "min": 2.0,
        "max": 153.0
    },
    "hv270": {
        "min": 1.0,
        "max": 4.0
    },
    "hv024": {
        "min": 1.0,
        "max": 10.0
    },
    "hv007": {
        "min": 2013.0,
        "max": 2019.0
    },
    "hv002": {
        "min": 1.0,
        "max": 772.0
    },
    "hv105": {
        "min": 1.0,
        "max": 17.0
    },
    "hv216": {
        "min": 0.9629629629629629,
        "max": 4.955555555555556
    },
    "hc70": {
        "min": -423.0,
        "max": 264.0
    },
    "hv009": {
        "min": 2.0,
        "max": 14.0
    },
    "hv025": {
        "min": 1.0,
        "max": 2.0
    },
    "b19": {
        "min": 1.0,
        "max": 57.0
    },
    "hv122": {
        "min": 0.0,
        "max": 2.0
    }
}