{
    "chweight": {
        "min": 0.005972,
        "max": 10.66516
    },
    "region": {
        "min": 0.0,
        "max": 62.0
    },
    "sex": {
        "min": 1.0,
        "max": 2.0
    },
    "age": {
        "min": 1.1,
        "max": 13.052631578947368
    },
    "wealth": {
        "min": 1.0,
        "max": 5.0
    },
    "wealthscore": {
        "min": -1334654.0,
        "max": 1656324.0
    },
    "hhweight": {
        "min": 0.005609,
        "max": 10.860753
    },
    "nutrition_haz": {
        "min": -299.0,
        "max": 573.0
    },
    "sumpoor_mod": {
        "min": 0.0,
        "max": 3.8392857142857144
    },
    "sumpoor_sev": {
        "min": 0.0,
        "max": 3.5555555555555554
    },
    "hc70": {
        "min": -580.0,
        "max": 573.0
    },
    "hv009": {
        "min": 1.0,
        "max": 23.952380952380953
    },
    "hv007": {
        "min": 2005.0,
        "max": 2022.0
    },
    "b19": {
        "min": 0.0,
        "max": 59.0
    },
    "hv024": {
        "min": 0.0,
        "max": 62.0
    },
    "hv204": {
        "min": 0.0,
        "max": 510.0
    },
    "hv001": {
        "min": 1.0,
        "max": 1688.0
    },
    "hv270": {
        "min": 1.0,
        "max": 5.0
    },
    "hv005": {
        "min": 5609.0,
        "max": 8124063.0
    },
    "hv216": {
        "min": 0.5833333333333334,
        "max": 15.333333333333334
    },
    "hv104": {
        "min": 1.0,
        "max": 2.0
    },
    "hv002": {
        "min": 1.0,
        "max": 8959.0
    },
    "hv105": {
        "min": 0.0,
        "max": 17.0
    },
    "hv122": {
        "min": 0.0,
        "max": 2.5
    },
    "hv271": {
        "min": -1352797.7272727273,
        "max": 99821.0
    },
    "v005": {
        "min": 5972.0,
        "max": 8187152.0
    }
}