{
    "chweight": {
        "min": 0.005152,
        "max": 10.66516
    },
    "location": {
        "min": 1.0,
        "max": 2.0
    },
    "region": {
        "min": 0.0,
        "max": 62.0
    },
    "sex": {
        "min": 1.0,
        "max": 2.0
    },
    "age": {
        "min": 0.0,
        "max": 17.0
    },
    "wealth": {
        "min": 1.0,
        "max": 5.0
    },
    "wealthscore": {
        "min": -1334654.0,
        "max": 1656324.0
    },
    "hhweight": {
        "min": 0.005203999999999999,
        "max": 10.860753
    },
    "nutrition_haz": {
        "min": -299.0,
        "max": 573.0
    },
    "sumpoor_mod": {
        "min": 0.0,
        "max": 4.03125
    },
    "sumpoor_sev": {
        "min": 0.0,
        "max": 3.7222222222222223
    },
    "hv005": {
        "min": 5204.0,
        "max": 13820118.0
    },
    "hv113": {
        "min": 0.0,
        "max": 8.0
    },
    "hv216": {
        "min": 0.0,
        "max": 8.166666666666666
    },
    "hc70": {
        "min": -569.0,
        "max": 573.0
    },
    "hv204": {
        "min": 0.0,
        "max": 720.0
    },
    "hv001": {
        "min": 1.0,
        "max": 3809.0
    },
    "b19": {
        "min": 0.0,
        "max": 59.0
    },
    "hv002": {
        "min": 1.0,
        "max": 6150.910447761194
    },
    "hv007": {
        "min": 1992.0,
        "max": 2022.0
    },
    "hv105": {
        "min": 0.0,
        "max": 17.0
    },
    "hv271": {
        "min": -1334654.0,
        "max": 500000.0
    },
    "hv111": {
        "min": 0.0,
        "max": 3.3333333333333335
    },
    "hv009": {
        "min": 1.0,
        "max": 21.14765100671141
    },
    "hv270": {
        "min": 1.0,
        "max": 5.0
    },
    "hv104": {
        "min": 1.0,
        "max": 2.0
    },
    "v005": {
        "min": 5152.0,
        "max": 10665160.0
    },
    "hv024": {
        "min": 0.0,
        "max": 72.0
    },
    "hv122": {
        "min": 0.0,
        "max": 3.0
    }
}